PPI,score,label
3CHW-model-1-pos_A_Z,-1.8790696859359741,1
1YOX-model-70-neg_A_Z,0.8572568893432617,0
1JK9-model-1-pos_A_Z,-1.0944747924804688,1
1TZS-model-20-neg_A_Z,0.07661354541778564,0
2QBX-model-98-neg_A_Z,1.693276047706604,0
2ZNV-model-18-pos_A_Z,-1.7687201499938965,1
2PO2-model-3-pos_A_Z,-1.7803484201431274,1
2FTL-model-34-pos_A_Z,-1.755712866783142,1
1X1X-model-8-pos_A_Z,0.9085725545883179,1
2ZDC-model-5-neg_A_Z,1.8681904077529907,0
1Y1O-model-1-pos_A_Z,-1.6674400568008423,1
1PPE-model-9-pos_A_Z,1.4413665533065796,1
2HVY-model-38-neg_A_Z,1.9000779390335083,0
1KL8-model-24-pos_A_Z,1.0107715129852295,1
1Y3B-model-57-pos_A_Z,-0.029131412506103516,1
4APF-model-51-neg_A_Z,1.8793272972106934,0
3GMW-model-1-pos_A_Z,-1.1218923330307007,1
2R5O-model-12-neg_A_Z,1.7649670839309692,0
4TQ0-model-4-pos_A_Z,-1.1465764045715332,1
2HTB-model-25-neg_A_Z,1.9507700204849243,0
3OKJ-model-6-neg_A_Z,1.9357808828353882,0
1VZY-model-55-neg_A_Z,1.81582510471344,0
1PGL-model-36-neg_A_Z,1.2534496784210205,0
2BE1-model-1-pos_A_Z,-1.8513877391815186,1
3L2H-model-56-neg_A_Z,1.7490918636322021,0
3HN6-model-40-neg_A_Z,1.921108603477478,0
4RS1-model-50-pos_A_Z,1.7559866905212402,1
3QHY-model-2-pos_A_Z,-1.4888355731964111,1
1JXQ-model-2-pos_A_Z,-1.8645427227020264,1
3FSN-model-93-pos_A_Z,1.7921468019485474,1
2GQS-model-1-pos_A_Z,-1.7530391216278076,1
2HWJ-model-4-pos_A_Z,-0.6540563106536865,1
5B76-model-59-neg_A_Z,1.9196933507919312,0
1K88-model-4-pos_A_Z,0.7792287468910217,1
3QWN-model-1-pos_A_Z,0.037528395652770996,1
2GKW-model-58-neg_A_Z,1.8895325660705566,0
2X9A-model-45-pos_A_Z,0.2846914529800415,1
3E1Z-model-100-neg_A_Z,1.8526719808578491,0
3U02-model-70-neg_A_Z,1.9520220756530762,0
1R9N-model-67-pos_A_Z,0.30618488788604736,1
2E4M-model-1-pos_A_Z,-0.3442467451095581,1
2EVV-model-30-neg_A_Z,1.947827935218811,0
1T7P-model-3-pos_A_Z,0.41864073276519775,1
3MZW-model-53-neg_A_Z,1.9353104829788208,0
3QC8-model-9-neg_A_Z,0.46698200702667236,0
2P48-model-4-pos_A_Z,-0.3985176086425781,1
2NN3-model-94-neg_A_Z,1.9016307592391968,0
3QQ8-model-65-neg_A_Z,1.471742033958435,0
2PQV-model-40-neg_A_Z,1.7909393310546875,0
1YUK-model-16-neg_A_Z,1.699784755706787,0
3H35-model-28-neg_A_Z,1.5090967416763306,0
2Z0P-model-1-pos_A_Z,-1.521034836769104,1
3BCP-model-1-pos_A_Z,-1.6884757280349731,1
1Q1L-model-15-neg_A_Z,0.7926378846168518,0
1Y43-model-18-neg_A_Z,1.92631995677948,0
4WEN-model-51-neg_A_Z,1.628435492515564,0
3NGB-model-43-neg_A_Z,1.6320483684539795,0
1Y1O-model-54-neg_A_Z,1.932341456413269,0
2EJG-model-14-neg_A_Z,1.6422929763793945,0
2ETE-model-8-pos_A_Z,-1.8285696506500244,1
2G2U-model-95-pos_A_Z,1.8337470293045044,1
1YUK-model-1-pos_A_Z,-1.9025932550430298,1
4ILW-model-1-pos_A_Z,-1.6123275756835938,1
3FFU-model-59-neg_A_Z,0.6919307708740234,0
3K9M-model-88-neg_A_Z,1.0684242248535156,0
2G2W-model-1-pos_A_Z,-1.59396493434906,1
1YLQ-model-16-neg_A_Z,1.9529750347137451,0
4UDM-model-21-neg_A_Z,-0.0540776252746582,0
1P69-model-97-neg_A_Z,1.3058651685714722,0
3PYY-model-1-pos_A_Z,-0.7428851127624512,1
3GBU-model-40-pos_A_Z,-1.0925414562225342,1
1I4E-model-36-neg_A_Z,1.9462946653366089,0
2VIF-model-52-neg_A_Z,0.513422966003418,0
1DEV-model-1-pos_A_Z,-1.8300541639328003,1
2X9M-model-1-pos_A_Z,0.9611851572990417,1
1DJS-model-75-neg_A_Z,1.9556381702423096,0
2X36-model-71-neg_A_Z,1.42157781124115,0
3T3A-model-30-neg_A_Z,1.9191378355026245,0
1G9I-model-27-neg_A_Z,1.284324049949646,0
3OLM-model-1-pos_A_Z,-0.9480888843536377,1
2PTC-model-3-pos_A_Z,0.06682312488555908,1
3AOG-model-18-neg_A_Z,1.6416617631912231,0
3TSR-model-16-pos_A_Z,1.2479982376098633,1
1J3R-model-1-pos_A_Z,-1.9065260887145996,1
1Q9U-model-14-neg_A_Z,1.236262321472168,0
1ZVN-model-2-pos_A_Z,-0.7671617269515991,1
1UDI-model-88-neg_A_Z,1.4663686752319336,0
2P6B-model-1-pos_A_Z,-0.21047663688659668,1
1SMF-model-17-neg_A_Z,1.4194657802581787,0
2IQH-model-1-pos_A_Z,-1.9220954179763794,1
2IY1-model-1-pos_A_Z,-1.874900221824646,1
1N0L-model-71-pos_A_Z,1.6719329357147217,1
1X1W-model-19-pos_A_Z,0.020290374755859375,1
2IWP-model-1-pos_A_Z,-1.8034977912902832,1
1MR1-model-1-pos_A_Z,-1.5484431982040405,1
4BQD-model-1-pos_A_Z,-1.5977931022644043,1
3E2U-model-3-pos_A_Z,0.18817615509033203,1
1OMO-model-33-neg_A_Z,0.7565270066261292,0
1AK4-model-75-neg_A_Z,1.9408854246139526,0
1X1W-model-30-neg_A_Z,1.6385464668273926,0
2ZA4-model-47-neg_A_Z,1.9395514726638794,0
3C4P-model-94-neg_A_Z,1.949367642402649,0
3FHC-model-57-neg_A_Z,0.36376118659973145,0
3I84-model-4-pos_A_Z,-0.2648521661758423,1
3JUY-pos_C_B,1.0227549076080322,1
5JMC-model-17-pos_A_Z,0.0337982177734375,1
3C4P-model-1-pos_A_Z,-1.6351828575134277,1
1DB2-model-2-pos_A_Z,-0.41853225231170654,1
4KFZ-model-1-pos_A_Z,-1.9155550003051758,1
3B93-model-1-pos_A_Z,-1.54305899143219,1
4DG4-model-3-pos_A_Z,-1.1372742652893066,1
1NR9-model-73-neg_A_Z,1.9353106021881104,0
3BGL-model-5-pos_A_Z,-1.608776330947876,1
3QDZ-model-2-pos_A_Z,0.25553643703460693,1
4GH7-model-27-pos_A_Z,-1.2140839099884033,1
2DSP-model-1-pos_A_Z,-1.6855268478393555,1
2HVY-model-1-pos_A_Z,-1.909433364868164,1
2IA9-model-3-pos_A_Z,-1.1893954277038574,1
3TG9-model-14-neg_A_Z,1.8464041948318481,0
3WDG-model-1-pos_A_Z,-1.8199083805084229,1
4ZQK-model-3-neg_A_Z,1.1840276718139648,0
4KV5-model-2-neg_A_Z,1.2253153324127197,0
4W6X-model-92-neg_A_Z,1.7254951000213623,0
3PPE-model-3-pos_A_Z,-0.3242650032043457,1
2W81-model-2-neg_A_Z,1.9542924165725708,0
4JW3-model-89-neg_A_Z,1.8801138401031494,0
4ZQU-model-2-pos_A_Z,-1.4319440126419067,1
2QF3-model-2-pos_A_Z,-1.389055609703064,1
2W80-model-26-neg_A_Z,1.7473576068878174,0
2B3Z-model-1-pos_A_Z,-1.8965766429901123,1
3AHS-model-34-pos_A_Z,-0.7115591764450073,1
3PRP-model-79-neg_A_Z,1.8759852647781372,0
3NPG-model-1-pos_A_Z,-1.9253778457641602,1
2EJG-model-22-pos_A_Z,0.7069634199142456,1
1EJA-model-65-neg_A_Z,1.8833611011505127,0
1L2W-model-66-neg_A_Z,1.941725730895996,0
1JKG-model-41-pos_A_Z,1.6279369592666626,1
2OS5-model-3-pos_A_Z,-0.26802563667297363,1
2P44-model-1-pos_A_Z,-1.1203761100769043,1
1EM8-model-17-pos_A_Z,-1.1410202980041504,1
3DJP-model-1-pos_A_Z,-1.8813574314117432,1
1Y96-model-8-pos_A_Z,-1.462190866470337,1
1YOX-model-71-pos_A_Z,-0.048403263092041016,1
3AJY-model-1-pos_A_Z,-1.8678926229476929,1
2RL7-model-74-pos_A_Z,1.1916943788528442,1
1Y96-model-94-neg_A_Z,1.9439997673034668,0
3B76-model-1-pos_A_Z,-1.8644604682922363,1
1E5Q-model-96-neg_A_Z,1.922652006149292,0
1UUG-model-87-neg_A_Z,0.4059509038925171,0
1X1Y-model-1-pos_A_Z,-1.8520344495773315,1
3HF5-model-27-neg_A_Z,1.9341810941696167,0
2HD3-model-77-pos_A_Z,-1.2763550281524658,1
3RDZ-model-75-neg_A_Z,1.7666114568710327,0
3P83-model-1-pos_A_Z,0.0028100013732910156,1
3HHJ-model-26-pos_A_Z,0.630839467048645,1
4NSO-model-78-pos_A_Z,1.3793461322784424,1
1DML-model-40-neg_A_Z,1.9411131143569946,0
1L0A-model-7-neg_A_Z,1.692514181137085,0
3A1P-model-60-neg_A_Z,1.9473638534545898,0
2YCH-model-44-pos_A_Z,1.402938961982727,1
4KGG-pos_C_A,0.25538158416748047,1
2KAI-model-1-pos_A_Z,-1.885949969291687,1
1P69-pos_A_B,-0.5082330703735352,1
1B27-model-43-neg_A_Z,1.9421018362045288,0
2A0S-model-67-neg_A_Z,1.955257534980774,0
3SOQ-model-59-neg_A_Z,1.0996427536010742,0
4KRL-model-1-pos_A_Z,-1.3701622486114502,1
3KMH-model-93-neg_A_Z,1.9612057209014893,0
4ILW-model-90-neg_A_Z,1.9362412691116333,0
2IY1-model-50-neg_A_Z,1.911424160003662,0
1T0P-model-1-pos_A_Z,0.4488614797592163,1
2H5K-model-1-pos_A_Z,-1.9093587398529053,1
3TU3-model-2-neg_A_Z,1.964211344718933,0
3ISM-model-5-pos_A_Z,1.2870426177978516,1
5HPK-model-1-pos_A_Z,-1.8397800922393799,1
1I4E-pos_A_B,-1.816138505935669,1
4L0P-model-60-pos_A_Z,-1.9080146551132202,1
2P45-model-1-pos_A_Z,-0.8915470242500305,1
1NQ9-model-75-neg_A_Z,1.9397944211959839,0
1HBT-model-1-pos_A_Z,-1.7363194227218628,1
1FIW-model-75-pos_A_Z,1.897546648979187,1
3UI2-model-42-neg_A_Z,1.6277376413345337,0
2BBA-model-29-pos_A_Z,1.9155986309051514,1
1IJX-model-9-neg_A_Z,1.8758654594421387,0
1NR9-model-50-pos_A_Z,1.0952138900756836,1
1UE7-model-93-neg_A_Z,1.9591726064682007,0
3GNJ-model-39-neg_A_Z,-0.03207504749298096,0
2NU1-model-70-neg_A_Z,1.9345494508743286,0
1J4U-model-41-neg_A_Z,1.7646526098251343,0
1GXD-model-1-pos_A_Z,-0.05807530879974365,1
2GKW-model-12-pos_A_Z,-0.4954303503036499,1
3FL1-model-48-neg_A_Z,1.7672483921051025,0
2VE6-model-13-pos_A_Z,1.386565089225769,1
3PIM-model-74-neg_A_Z,1.95714271068573,0
3TU3-model-1-pos_A_Z,-0.7997133135795593,1
3HHJ-model-37-neg_A_Z,1.634818434715271,0
4POU-model-1-pos_A_Z,-1.5154976844787598,1
3BT1-model-11-pos_A_Z,-0.5772126913070679,1
1FU5-model-1-pos_A_Z,-1.732434868812561,1
1ACB-model-1-pos_A_Z,-1.5562057495117188,1
2RA3-model-1-pos_A_Z,-0.582300066947937,1
1UAN-model-1-pos_A_Z,-1.930298089981079,1
1F45-model-62-neg_A_Z,1.9401516914367676,0
2C1W-model-9-neg_A_Z,1.943058729171753,0
3JVC-model-69-neg_A_Z,0.22539961338043213,0
1HPU-model-19-neg_A_Z,1.9487290382385254,0
3BPD-model-91-neg_A_Z,0.6530928611755371,0
2ZSU-model-38-neg_A_Z,1.949842095375061,0
1GL0-model-99-neg_A_Z,1.2012968063354492,0
2ZDC-model-1-pos_A_Z,-1.760636329650879,1
1DN2-model-42-pos_A_Z,1.1472667455673218,1
3HO5-model-21-pos_A_Z,-0.5965611934661865,1
4U97-model-3-pos_A_Z,-0.08136701583862305,1
3FYF-model-95-neg_A_Z,1.9572747945785522,0
2J7Q-model-1-pos_A_Z,-1.4506604671478271,1
4NOO-model-18-neg_A_Z,1.8724949359893799,0
2VIF-model-1-pos_A_Z,-0.4186819791793823,1
1SHS-model-28-pos_A_Z,-0.9062870740890503,1
3HQR-model-73-neg_A_Z,0.8781036138534546,0
4UDM-model-81-pos_A_Z,0.8267369866371155,1
2HJ1-model-1-pos_A_Z,-1.8910330533981323,1
2WQ4-model-1-pos_A_Z,-1.1700901985168457,1
3E9M-model-94-neg_A_Z,1.886628270149231,0
2HZM-model-97-neg_A_Z,1.5340341329574585,0
4I6L-model-13-neg_A_Z,1.3819531202316284,0
2FPE-model-4-pos_A_Z,0.29773855209350586,1
1JNP-model-54-neg_A_Z,1.7982213497161865,0
3BQB-model-43-neg_A_Z,1.9393824338912964,0
2C7E-model-65-neg_A_Z,0.9403460025787354,0
4U97-model-26-neg_A_Z,1.8750377893447876,0
2F2F-model-100-neg_A_Z,1.6435737609863281,0
3OSL-model-84-neg_A_Z,1.96177339553833,0
2EP5-model-4-pos_A_Z,-1.7526007890701294,1
3DCL-model-35-pos_A_Z,-1.82626211643219,1
1HAA-model-65-neg_A_Z,1.7477855682373047,0
1HYR-model-9-neg_A_Z,1.9423437118530273,0
1HX5-model-95-neg_A_Z,1.957072138786316,0
2QW7-model-94-neg_A_Z,1.879927396774292,0
5D3I-model-1-pos_A_Z,-1.715407133102417,1
4M5F-model-18-pos_A_Z,0.04375159740447998,1
1HYR-model-2-pos_A_Z,-1.0233733654022217,1
1Y4D-model-59-neg_A_Z,1.9507510662078857,0
1XWD-model-2-neg_A_Z,0.00778043270111084,0
3KWV-model-1-pos_A_Z,-1.747382640838623,1
3O9L-model-30-neg_A_Z,1.198415756225586,0
3C4O-model-2-pos_A_Z,-1.5299689769744873,1
3DQQ-model-3-pos_A_Z,-1.522416114807129,1
1YVB-model-2-pos_A_Z,-0.32500433921813965,1
2NU1-model-1-pos_A_Z,-1.0557509660720825,1
3H8D-model-1-pos_A_Z,-1.833375096321106,1
1YC6-model-1-pos_A_Z,-1.8566721677780151,1
1N0L-model-58-neg_A_Z,1.9368414878845215,0
2GHW-model-34-pos_A_Z,1.2323706150054932,1
3BTV-model-56-neg_A_Z,1.8129972219467163,0
2VJF-model-1-pos_A_Z,-1.88408625125885,1
4I6L-model-1-pos_A_Z,-1.771375298500061,1
3FJU-model-76-neg_A_Z,1.9451082944869995,0
2NQD-model-57-pos_A_Z,-1.083913803100586,1
3QJ7-model-6-pos_A_Z,-1.134645700454712,1
4HDO-model-97-pos_A_Z,-1.5684609413146973,1
3CDW-model-49-pos_A_Z,0.6252005100250244,1
2WG3-model-1-pos_A_Z,-1.4915387630462646,1
2ZVW-model-2-neg_A_Z,1.9530117511749268,0
2GS7-model-20-neg_A_Z,1.9269695281982422,0
2RL7-model-15-neg_A_Z,1.9132442474365234,0
1GXD-model-56-neg_A_Z,1.9221028089523315,0
2B42-model-48-neg_A_Z,1.3301849365234375,0
3FHC-model-1-pos_A_Z,-0.29955756664276123,1
1EJA-model-2-pos_A_Z,-1.5256893634796143,1
3SJ9-model-84-neg_A_Z,1.814387321472168,0
3BX1-model-81-neg_A_Z,1.8322129249572754,0
1XG2-model-85-neg_A_Z,1.9197556972503662,0
3B9I-model-51-pos_A_Z,0.596135139465332,1
1Y43-model-1-pos_A_Z,-1.8948876857757568,1
2WG3-model-54-neg_A_Z,1.9578063488006592,0
2JJT-model-2-pos_A_Z,0.3881649971008301,1
2W1T-model-7-pos_A_Z,-1.0620393753051758,1
2BBA-model-24-neg_A_Z,1.4816166162490845,0
3HCG-model-1-pos_A_Z,-0.01996636390686035,1
2ANE-model-74-neg_A_Z,1.948517918586731,0
2DUP-model-11-pos_A_Z,1.647346019744873,1
1F9S-model-7-pos_A_Z,-0.10772418975830078,1
3TSZ-model-12-neg_A_Z,-0.03824114799499512,0
4KR0-model-40-neg_A_Z,1.9445478916168213,0
1G31-model-23-neg_A_Z,1.9334704875946045,0
3V5N-model-24-pos_A_Z,0.03222036361694336,1
1YBG-model-1-pos_A_Z,0.9185237288475037,1
2HQH-model-31-pos_A_Z,0.43389976024627686,1
2Z7X-model-3-pos_A_Z,-0.06473040580749512,1
3FJU-model-66-pos_A_Z,1.1653563976287842,1
1GO4-model-6-neg_A_Z,1.8841272592544556,0
2PQS-pos_A_B,0.2981458902359009,1
2YYS-model-1-pos_A_Z,-1.521973967552185,1
3TGK-model-21-pos_A_Z,1.0097699165344238,1
3CJX-model-5-pos_A_Z,1.0598406791687012,1
4U30-model-35-pos_A_Z,1.404718279838562,1
3QDZ-model-87-neg_A_Z,0.9544617533683777,0
2WG4-model-7-pos_A_Z,-0.9357264041900635,1
5AYR-model-19-neg_A_Z,0.8598963022232056,0
1Y48-model-38-pos_A_Z,-0.38726532459259033,1
2OS5-model-99-neg_A_Z,1.9409444332122803,0
1AHS-model-8-pos_A_Z,-0.027026653289794922,1
3BQB-model-2-pos_A_Z,-1.8339440822601318,1
1Y34-model-13-pos_A_Z,-1.7470169067382812,1
4CJ1-model-1-pos_A_Z,-1.818191409111023,1
2XCE-model-1-pos_A_Z,-1.8796281814575195,1
3M5R-model-85-neg_A_Z,1.8808021545410156,0
2K2S-model-1-pos_A_Z,-1.865173101425171,1
1UGH-model-1-pos_A_Z,-1.8132658004760742,1
1ZVN-model-32-neg_A_Z,1.3859436511993408,0
3H35-model-1-pos_A_Z,-1.4471837282180786,1
4RS1-model-23-neg_A_Z,1.9354363679885864,0
4AFQ-model-47-neg_A_Z,1.9532930850982666,0
3KWV-model-4-neg_A_Z,1.8748410940170288,0
3FPU-model-1-pos_A_Z,-1.8647699356079102,1
3BCW-model-8-pos_A_Z,1.4839633703231812,1
4CDK-model-23-neg_A_Z,1.8745450973510742,0
2P49-model-1-pos_A_Z,-1.0762121677398682,1
1AVX-model-11-pos_A_Z,-1.1307432651519775,1
1SOT-model-19-neg_A_Z,1.9248403310775757,0
4NZW-model-60-neg_A_Z,1.9225455522537231,0
1B3T-model-18-neg_A_Z,0.9318206906318665,0
2OZK-model-62-pos_A_Z,0.2904181480407715,1
2X36-model-1-pos_A_Z,-0.13068902492523193,1
2AZN-pos_A_D,1.6775277853012085,1
1SHY-model-37-neg_A_Z,1.9303743839263916,0
5JLV-model-20-neg_A_Z,1.563401699066162,0
3CG8-model-68-pos_A_Z,0.6920815110206604,1
3WA5-model-1-pos_A_Z,-1.7740503549575806,1
1C9T-model-89-pos_A_Z,1.8418989181518555,1
1XD3-model-2-pos_A_Z,0.5363764762878418,1
2BTF-model-1-pos_A_Z,-1.4956493377685547,1
4B1Y-model-1-pos_A_Z,-1.8895511627197266,1
2OZK-model-9-neg_A_Z,1.6997114419937134,0
4YEB-model-3-pos_A_Z,-0.18390309810638428,1
2HQH-model-90-neg_A_Z,1.9282188415527344,0
4MSM-model-27-neg_A_Z,1.87928307056427,0
5D1M-model-1-pos_A_Z,-1.4862265586853027,1
1Q5H-model-1-pos_A_Z,-1.9064247608184814,1
4AN7-model-46-neg_A_Z,1.2434980869293213,0
3DA7-model-54-neg_A_Z,1.8101015090942383,0
3P95-model-95-neg_A_Z,1.8590481281280518,0
2OPI-model-91-neg_A_Z,1.1843137741088867,0
1LDT-model-72-neg_A_Z,1.9508649110794067,0
2E4M-model-68-neg_A_Z,1.872823715209961,0
1B3S-model-1-pos_A_Z,-1.3649063110351562,1
2SIC-model-47-neg_A_Z,1.9531728029251099,0
3B6P-model-78-neg_A_Z,1.951189398765564,0
3F74-model-91-neg_A_Z,1.67335045337677,0
3KZH-model-5-neg_A_Z,1.8184890747070312,0
2J7Q-model-8-neg_A_Z,1.9275085926055908,0
3H6S-model-54-pos_A_Z,0.8098435401916504,1
2Y9X-model-39-neg_A_Z,1.940969467163086,0
3NCT-model-2-neg_A_Z,1.875726580619812,0
2P49-model-20-neg_A_Z,1.9506264925003052,0
3H6S-model-97-neg_A_Z,1.3740637302398682,0
2WAM-model-25-neg_A_Z,1.953104019165039,0
2IDO-model-27-pos_A_Z,-1.3410670757293701,1
2I04-model-40-neg_A_Z,1.9443306922912598,0
2QBW-model-36-pos_A_Z,0.0713355541229248,1
1SUW-model-24-pos_A_Z,0.7645699381828308,1
1JXQ-model-75-neg_A_Z,1.6010006666183472,0
4DOQ-model-92-neg_A_Z,1.7555820941925049,0
3EUK-model-17-pos_A_Z,0.11908125877380371,1
4PQT-model-1-pos_A_Z,-1.8616681098937988,1
1B27-model-25-pos_A_Z,-1.1323087215423584,1
2IA9-model-92-neg_A_Z,1.9455997943878174,0
3K4W-model-51-neg_A_Z,1.5169389247894287,0
3N6Q-model-3-pos_A_Z,-1.4829246997833252,1
2G6V-model-6-neg_A_Z,1.9489132165908813,0
4B1X-model-85-neg_A_Z,0.24089348316192627,0
2OKQ-model-71-neg_A_Z,1.3712958097457886,0
2Q7N-model-1-pos_A_Z,-0.8833698034286499,1
4TQ1-model-86-neg_A_Z,0.7335184216499329,0
1JTD-model-88-neg_A_Z,1.9608899354934692,0
3QSK-model-19-neg_A_Z,1.9250613451004028,0
2QLC-model-28-neg_A_Z,0.6264766454696655,0
3KMH-model-22-pos_A_Z,0.38013792037963867,1
5D1M-model-14-neg_A_Z,1.9195165634155273,0
2SNI-model-17-neg_A_Z,1.9471068382263184,0
1MBY-model-2-pos_A_Z,0.10198462009429932,1
4KR0-model-1-pos_A_Z,-1.1693744659423828,1
3I2B-model-26-neg_A_Z,0.8447231650352478,0
1XD3-model-43-neg_A_Z,1.9262276887893677,0
2X9A-model-52-neg_A_Z,1.3572347164154053,0
1EAI-model-76-neg_A_Z,1.8712615966796875,0
1F9S-model-34-neg_A_Z,1.9228342771530151,0
3P9W-model-98-neg_A_Z,1.8991304636001587,0
3FSN-model-61-neg_A_Z,1.93131422996521,0
1SOT-model-42-pos_A_Z,-1.424414873123169,1
1I07-model-1-pos_A_Z,-1.9074174165725708,1
3NTQ-model-1-pos_A_Z,-1.82612943649292,1
2GJV-model-32-pos_A_Z,1.0293954610824585,1
2IWP-model-9-neg_A_Z,0.6089735627174377,0
4LQW-model-19-pos_A_Z,0.48734045028686523,1
4EIG-model-1-pos_A_Z,-1.597546100616455,1
3FLP-model-75-pos_A_Z,-0.8753256797790527,1
3UZP-model-41-neg_A_Z,1.9582222700119019,0
1OS2-model-11-pos_A_Z,1.1694846153259277,1
3TDM-model-19-pos_A_Z,0.870896577835083,1
4LLO-model-90-pos_A_Z,0.8615121841430664,1
5D1L-model-1-pos_A_Z,0.3330521583557129,1
2CO6-model-11-pos_A_Z,-1.5748900175094604,1
2HZM-model-7-pos_A_Z,-1.2167083024978638,1
5B75-model-87-neg_A_Z,1.907072901725769,0
1XG2-model-1-pos_A_Z,-0.6980897784233093,1
3NCT-model-1-pos_A_Z,-1.7129108905792236,1
1F2U-model-59-neg_A_Z,1.0963761806488037,0
4DOQ-model-1-pos_A_Z,-1.8151109218597412,1
3KW5-model-1-pos_A_Z,-1.8396680355072021,1
4EQA-model-15-neg_A_Z,1.899518609046936,0
2GJV-model-3-neg_A_Z,0.7765871286392212,0
5B78-model-96-neg_A_Z,1.9265621900558472,0
1XFS-model-11-pos_A_Z,-1.3803099393844604,1
2A2L-model-29-neg_A_Z,1.5769271850585938,0
1X1U-model-27-neg_A_Z,1.9436404705047607,0
1FIW-model-18-neg_A_Z,0.9106296300888062,0
4CJ1-model-23-neg_A_Z,1.7993173599243164,0
4A94-model-33-neg_A_Z,1.9564158916473389,0
3SOQ-model-10-pos_A_Z,0.6380372643470764,1
2XCE-model-25-neg_A_Z,1.1627447605133057,0
2OVI-model-26-neg_A_Z,1.923005223274231,0
2Z29-model-68-neg_A_Z,1.9632381200790405,0
1INN-model-11-pos_A_Z,1.0218842029571533,1
4G6U-model-87-neg_A_Z,1.9343593120574951,0
2PUY-model-75-neg_A_Z,1.628725290298462,0
3P71-model-62-neg_A_Z,1.9370988607406616,0
1UWG-model-70-neg_A_Z,1.9111251831054688,0
3Q9N-model-10-neg_A_Z,1.847615122795105,0
3FD4-model-4-pos_A_Z,-0.8732166290283203,1
1BPO-model-1-pos_A_Z,-1.7657405138015747,1
2P46-model-44-neg_A_Z,1.934990406036377,0
3Q7H-model-40-pos_A_Z,0.11448085308074951,1
2OYA-model-78-neg_A_Z,1.8393256664276123,0
1BO4-model-1-pos_A_Z,-1.9095932245254517,1
3JRQ-model-1-pos_A_Z,-0.007345795631408691,1
2W81-model-1-pos_A_Z,-1.8710136413574219,1
3I84-model-44-neg_A_Z,1.7433218955993652,0
3KZH-model-3-pos_A_Z,-1.8569694757461548,1
3PGA-model-8-neg_A_Z,-1.7568960189819336,0
3JVC-model-2-pos_A_Z,0.45767104625701904,1
3P8B-model-36-pos_A_Z,1.3751499652862549,1
5AYR-model-66-pos_A_Z,-0.8162153363227844,1
5JYL-model-17-neg_A_Z,1.8758972883224487,0
1TM3-model-87-pos_A_Z,1.5671600103378296,1
2BUJ-model-1-pos_A_Z,-1.4899888038635254,1
3QQ8-model-4-pos_A_Z,-0.196189284324646,1
3K3C-model-1-pos_A_Z,-1.935394287109375,1
4KGG-model-80-neg_A_Z,1.5900461673736572,0
1YCS-model-1-pos_A_Z,-1.6773115396499634,1
2QYI-model-56-pos_A_Z,-1.1136410236358643,1
3EPZ-model-35-pos_A_Z,0.7971832156181335,1
3DCL-model-69-neg_A_Z,1.9545992612838745,0
2QC1-model-3-pos_A_Z,0.05597531795501709,1
2EP5-model-2-neg_A_Z,0.027169227600097656,0
3UI2-model-1-pos_A_Z,-1.63555109500885,1
3TQY-model-18-neg_A_Z,1.9525617361068726,0
3M85-model-1-neg_A_Z,1.9443331956863403,0
4KBB-model-95-neg_A_Z,1.8768376111984253,0
3HTR-model-73-neg_A_Z,1.853831171989441,0
2R0K-model-42-pos_A_Z,0.059000611305236816,1
3N4I-model-2-pos_A_Z,-1.378575325012207,1
2DPF-model-9-neg_A_Z,1.0357617139816284,0
5JYL-model-1-pos_A_Z,0.9667295217514038,1
3TL8-model-90-pos_A_Z,0.7212863564491272,1
1JK9-model-77-neg_A_Z,1.954380750656128,0
1S98-model-27-neg_A_Z,1.7806686162948608,0
2W2N-model-75-neg_A_Z,1.9532105922698975,0
1HX5-model-68-pos_A_Z,1.7554988861083984,1
1Z3G-model-23-pos_A_Z,-0.1688978672027588,1
1GT7-model-70-neg_A_Z,1.9463251829147339,0
2OPI-model-73-pos_A_Z,0.03707718849182129,1
1B3T-model-1-pos_A_Z,-1.905971884727478,1
3V3K-model-87-neg_A_Z,1.8589705228805542,0
2P4Z-model-36-pos_A_Z,-1.505730152130127,1
3PIM-model-2-pos_A_Z,-1.883919596672058,1
1Y3B-model-64-neg_A_Z,1.9553539752960205,0
3EUK-model-50-neg_A_Z,1.8418548107147217,0
3P9W-model-1-pos_A_Z,-1.0747337341308594,1
3BPD-model-2-pos_A_Z,-1.1865122318267822,1
1UM2-model-63-neg_A_Z,0.9325249195098877,0
3DJP-model-2-neg_A_Z,1.9296337366104126,0
2WVT-model-74-neg_A_Z,1.931904673576355,0
3FFU-model-63-pos_A_Z,-0.12517154216766357,1
2O9Q-model-19-pos_A_Z,1.8778831958770752,1
1EM8-model-4-neg_A_Z,1.5066522359848022,0
2NQD-model-75-neg_A_Z,1.9530613422393799,0
3TGK-model-74-neg_A_Z,0.9054825901985168,0
2Y9X-model-1-pos_A_Z,-0.4780881404876709,1
3V96-model-30-neg_A_Z,1.5533782243728638,0
2OTL-model-1-pos_A_Z,-1.584498643875122,1
2O9Q-model-52-neg_A_Z,0.9203193187713623,0
2FPE-model-13-neg_A_Z,1.268599033355713,0
2Q17-model-84-neg_A_Z,1.9089583158493042,0
4XL5-model-63-pos_A_Z,-0.03009021282196045,1
2H1T-model-4-neg_A_Z,1.7537332773208618,0
3FCG-model-1-pos_A_Z,-0.7141152620315552,1
1E8N-model-11-pos_A_Z,0.2115192413330078,1
2HVB-model-5-pos_A_Z,0.9176136255264282,1
1H1V-model-1-pos_A_Z,0.11182188987731934,1
3KQZ-model-87-neg_A_Z,1.9373971223831177,0
1AN1-model-47-neg_A_Z,1.9483122825622559,0
3EDP-model-80-neg_A_Z,1.948853850364685,0
1TE1-model-65-neg_A_Z,1.7070245742797852,0
2P45-model-65-neg_A_Z,1.2380080223083496,0
3I5V-pos_A_D,1.8325612545013428,1
4XXB-model-6-pos_A_Z,0.5442705154418945,1
1SMF-model-1-pos_A_Z,-1.0043972730636597,1
1F5R-model-1-pos_A_Z,-1.7940959930419922,1
3SLH-model-9-pos_A_Z,1.2107954025268555,1
1RY7-model-1-pos_A_Z,-0.43959105014801025,1
2ZSU-model-1-pos_A_Z,-1.8879313468933105,1
1L2W-model-2-pos_A_Z,-1.8687328100204468,1
3FL1-model-1-pos_A_Z,-1.487053632736206,1
1C9S-model-1-pos_A_Z,-1.8513797521591187,1
5JMC-model-62-neg_A_Z,1.8567076921463013,0
1JKG-model-20-neg_A_Z,1.7855883836746216,0
1AGQ-model-1-pos_A_Z,-1.8623764514923096,1
2QYI-model-13-neg_A_Z,1.3557817935943604,0
1EZI-model-2-pos_A_Z,-1.685210943222046,1
4PJ2-model-1-pos_A_Z,-1.8376669883728027,1
5IOH-model-53-neg_A_Z,1.9112213850021362,0
2Q17-model-49-pos_A_Z,1.9176733493804932,1
3OJM-model-70-neg_A_Z,1.9064136743545532,0
1BJR-model-77-pos_A_Z,0.9104095697402954,1
1TAW-model-62-neg_A_Z,1.9406936168670654,0
3B93-model-31-neg_A_Z,1.9023784399032593,0
1UK4-model-30-pos_A_Z,0.5938913822174072,1
5D1K-model-6-pos_A_Z,0.055477142333984375,1
1GT7-model-43-pos_A_Z,1.3626759052276611,1
2A6P-model-50-neg_A_Z,1.9264432191848755,0
2W80-model-52-pos_A_Z,1.7972705364227295,1
2C1W-model-1-pos_A_Z,-0.7491948008537292,1
2P47-model-2-pos_A_Z,-0.4276578426361084,1
3Q7H-model-89-neg_A_Z,0.4835933446884155,0
2J12-model-61-neg_A_Z,1.20561945438385,0
4KV5-model-70-pos_A_Z,0.9923224449157715,1
4BWQ-model-1-pos_A_Z,-0.532974362373352,1
3TG9-model-1-pos_A_Z,-1.617993950843811,1
2CE8-model-4-neg_A_Z,1.8961591720581055,0
2Z0P-model-83-neg_A_Z,1.56681489944458,0
3EMJ-model-100-neg_A_Z,1.7675983905792236,0
3D1M-model-1-pos_A_Z,1.839004635810852,1
2BTF-model-50-neg_A_Z,1.900314450263977,0
1IJX-model-1-pos_A_Z,-1.8689500093460083,1
3LRJ-model-53-neg_A_Z,0.8512824177742004,0
1JYI-model-41-neg_A_Z,1.3084049224853516,0
1M1F-model-17-neg_A_Z,1.8491542339324951,0
2HEY-model-24-pos_A_Z,0.32408857345581055,1
1ZCP-model-57-neg_A_Z,1.4429312944412231,0
4FZA-model-21-pos_A_Z,0.5464656352996826,1
3P95-model-1-pos_A_Z,-1.7922629117965698,1
1QB3-model-54-neg_A_Z,1.0472996234893799,0
2PNH-model-18-pos_A_Z,1.0966033935546875,1
1EAI-model-51-pos_A_Z,0.9455982446670532,1
3O2X-model-1-pos_A_Z,-0.29623115062713623,1
3BN3-model-63-neg_A_Z,1.1270995140075684,0
1G60-model-23-neg_A_Z,1.9455434083938599,0
2I04-model-11-pos_A_Z,-1.544264793395996,1
3GBU-model-23-neg_A_Z,1.9595955610275269,0
4W6X-model-1-pos_A_Z,-1.5399816036224365,1
2OKQ-model-1-pos_A_Z,-1.8978691101074219,1
3DKU-model-31-neg_A_Z,1.4359989166259766,0
2W0C-model-83-neg_A_Z,1.9374080896377563,0
2O8Q-model-15-neg_A_Z,0.7148395776748657,0
1YY9-model-13-neg_A_Z,1.6380292177200317,0
2EWN-model-4-pos_A_Z,-1.203528642654419,1
3Q87-model-35-neg_A_Z,1.8023858070373535,0
1DLE-model-1-pos_A_Z,-1.0274062156677246,1
3MJ9-model-4-pos_A_Z,1.8826637268066406,1
3BRD-model-46-neg_A_Z,0.6922146677970886,0
1UWG-model-2-pos_A_Z,-1.7536566257476807,1
2R9P-model-12-neg_A_Z,1.9394313097000122,0
2HWJ-model-15-neg_A_Z,0.4289872646331787,0
3BX1-model-1-pos_A_Z,-1.6954187154769897,1
3FG8-model-81-neg_A_Z,1.750288963317871,0
5B77-model-2-pos_A_Z,0.014877915382385254,1
2I5G-model-1-pos_A_Z,0.0658489465713501,1
3LRJ-model-21-pos_A_Z,1.3753337860107422,1
1ATN-pos_A_D,-1.868135929107666,1
3HPN-model-1-pos_A_Z,0.3336554765701294,1
3B76-model-23-neg_A_Z,1.2720599174499512,0
1GO4-model-1-pos_A_Z,-1.8378716707229614,1
3TSR-model-5-neg_A_Z,1.9048237800598145,0
1XV2-model-70-neg_A_Z,1.9449613094329834,0
1SMO-model-18-pos_A_Z,-1.5400481224060059,1
2H3N-model-64-neg_A_Z,1.949169635772705,0
3EHU-model-6-pos_A_Z,0.5134238004684448,1
2FTL-model-32-neg_A_Z,1.9331886768341064,0
1PBI-model-61-neg_A_Z,0.7794357538223267,0
3PIG-model-16-neg_A_Z,1.9582749605178833,0
3HMK-model-2-neg_A_Z,1.8647055625915527,0
3B01-model-58-neg_A_Z,1.0307570695877075,0
3DKU-model-28-pos_A_Z,0.8731318712234497,1
4NOO-model-1-pos_A_Z,-1.514375925064087,1
2HL3-model-58-neg_A_Z,1.9021769762039185,0
1P3H-model-76-neg_A_Z,0.42946720123291016,0
1G9I-model-26-pos_A_Z,-0.1399245262145996,1
3CDW-model-69-neg_A_Z,0.22016286849975586,0
3H9G-model-70-neg_A_Z,1.845267415046692,0
4PJ2-model-64-neg_A_Z,1.9508086442947388,0
3V3K-model-1-pos_A_Z,-0.5685951709747314,1
4WEM-model-74-neg_A_Z,1.901123285293579,0
1WOQ-model-33-neg_A_Z,-0.6343472003936768,0
3E2L-model-85-neg_A_Z,1.9370970726013184,0
4AN7-model-2-pos_A_Z,-1.8714804649353027,1
1A79-model-34-neg_A_Z,1.9437329769134521,0
2JOD-model-7-neg_A_Z,1.0414451360702515,0
1MAS-model-99-neg_A_Z,1.6973448991775513,0
4B1V-model-94-neg_A_Z,0.19340765476226807,0
4CJ0-model-1-pos_A_Z,-1.697585940361023,1
1UK4-model-48-neg_A_Z,0.7034779787063599,0
3LM1-model-6-neg_A_Z,1.1496784687042236,0
5D1K-model-98-neg_A_Z,1.1630747318267822,0
1CQ3-model-1-pos_A_Z,-0.7631462216377258,1
4KFZ-model-24-neg_A_Z,1.962178111076355,0
2I7R-model-11-pos_A_Z,1.0233488082885742,1
3B9I-model-90-neg_A_Z,0.4384908676147461,0
3M5R-model-28-pos_A_Z,1.8544774055480957,1
5B78-model-35-pos_A_Z,0.04123067855834961,1
3KDG-model-1-pos_A_Z,-1.8433749675750732,1
1C9P-model-1-pos_A_Z,-1.0158964395523071,1
3FCG-model-85-neg_A_Z,0.8214861750602722,0
4AFZ-model-72-neg_A_Z,0.6568842530250549,0
5F3X-model-61-neg_A_Z,1.6272482872009277,0
3ISM-model-29-neg_A_Z,1.717146396636963,0
3ENT-model-100-neg_A_Z,1.7493618726730347,0
2Z0E-model-7-neg_A_Z,1.6366782188415527,0
3CAM-model-3-neg_A_Z,1.6713767051696777,0
3ZWL-model-1-pos_A_Z,-0.8070759773254395,1
1R7A-model-1-pos_A_Z,-1.8454698324203491,1
2O8Q-model-17-pos_A_Z,0.11099898815155029,1
1Y1K-model-10-neg_A_Z,1.931572675704956,0
2GD4-model-1-pos_A_Z,-1.7552878856658936,1
1NU9-model-16-neg_A_Z,1.914566993713379,0
4MSM-model-33-pos_A_Z,0.2667694091796875,1
2Z29-model-6-pos_A_Z,-1.8683887720108032,1
2CCL-model-6-neg_A_Z,1.1852585077285767,0
2ZCK-model-68-pos_A_Z,1.652122139930725,1
3C8I-model-2-neg_A_Z,0.9094265699386597,0
3T3A-model-6-pos_A_Z,-0.05662810802459717,1
1S1Q-model-1-pos_A_Z,0.08739912509918213,1
2Z7F-model-94-neg_A_Z,1.9470385313034058,0
1J3R-model-89-neg_A_Z,1.9450314044952393,0
4J2Y-model-81-neg_A_Z,1.9539185762405396,0
1ERN-model-18-pos_A_Z,-0.7447301149368286,1
4L0P-model-10-neg_A_Z,1.9174884557724,0
3ZWL-model-32-neg_A_Z,1.9422460794448853,0
2OTL-model-29-neg_A_Z,1.899742603302002,0
1B3S-model-69-neg_A_Z,1.928826928138733,0
1UHE-model-61-neg_A_Z,1.4670615196228027,0
3D4G-model-51-neg_A_Z,1.9616891145706177,0
1I4O-model-3-pos_A_Z,0.9014471769332886,1
4BWQ-model-52-neg_A_Z,1.931793451309204,0
2Z0E-model-29-pos_A_Z,0.8599160313606262,1
5B76-model-3-pos_A_Z,0.1965634822845459,1
1AN1-model-69-pos_A_Z,1.321927547454834,1
3BHD-model-56-neg_A_Z,1.9554320573806763,0
1GCQ-model-26-neg_A_Z,1.1234651803970337,0
1BO4-model-93-neg_A_Z,1.496255874633789,0
3O2X-model-26-neg_A_Z,1.9440728425979614,0
1VG9-model-4-neg_A_Z,1.9395054578781128,0
1TE1-model-13-pos_A_Z,-1.7294154167175293,1
1C9S-model-22-neg_A_Z,0.047783732414245605,0
3QWN-model-56-neg_A_Z,1.0243905782699585,0
4F0A-model-30-neg_A_Z,1.9043797254562378,0
1R0R-model-52-neg_A_Z,1.9310169219970703,0
1UGH-model-17-neg_A_Z,1.8027642965316772,0
1FGL-model-47-pos_A_Z,0.9319303035736084,1
2XTJ-model-63-neg_A_Z,1.6623964309692383,0
1XFS-model-44-neg_A_Z,1.9409884214401245,0
1PGL-model-2-pos_A_Z,-1.9108117818832397,1
1WZ3-model-60-neg_A_Z,1.8574293851852417,0
5B75-model-2-pos_A_Z,-1.3594260215759277,1
1JTD-model-1-pos_A_Z,-1.3395479917526245,1
1TO1-model-17-pos_A_Z,1.744393229484558,1
3E2U-model-95-neg_A_Z,1.3182446956634521,0
1R0K-model-56-neg_A_Z,1.9614710807800293,0
3KLQ-model-94-pos_A_Z,1.9575985670089722,1
2DOH-model-1-pos_A_Z,-1.7602595090866089,1
2XB6-pos_A_C,1.6194465160369873,1
2VER-model-62-neg_A_Z,1.184000015258789,0
4AG2-model-9-pos_A_Z,-1.1315158605575562,1
3SM1-model-21-neg_A_Z,1.2921035289764404,0
2ETE-model-74-neg_A_Z,1.5629914999008179,0
1TM4-model-90-neg_A_Z,1.8791857957839966,0
3KLQ-model-43-neg_A_Z,1.9515070915222168,0
1MZW-model-81-neg_A_Z,1.7736363410949707,0
3M5O-model-62-neg_A_Z,1.8150523900985718,0
1T8U-model-35-neg_A_Z,1.933117151260376,0
1G31-model-15-pos_A_Z,0.16480708122253418,1
1DFJ-model-29-neg_A_Z,1.9506158828735352,0
1M1F-model-14-pos_A_Z,0.9442218542098999,1
4TQ1-model-1-pos_A_Z,-1.892399787902832,1
2VPM-model-1-pos_A_Z,0.0355525016784668,1
3F5N-model-1-pos_A_Z,-0.47992587089538574,1
3DGP-model-46-pos_A_Z,1.0315598249435425,1
2JG8-model-1-pos_A_Z,-0.45184147357940674,1
2B42-model-4-pos_A_Z,-1.4496735334396362,1
1OX9-model-21-neg_A_Z,0.6701788306236267,0
4CPA-model-33-pos_A_Z,0.12479150295257568,1
1WDX-model-63-neg_A_Z,1.2719039916992188,0
3K3C-model-8-neg_A_Z,1.9359714984893799,0
3B08-model-48-pos_A_Z,1.619964599609375,1
4F0A-model-1-pos_A_Z,0.11328792572021484,1
3KQZ-model-1-pos_A_Z,-1.8332695960998535,1
1JYI-model-85-pos_A_Z,1.0988082885742188,1
4DG4-model-23-neg_A_Z,1.955748200416565,0
3OJ2-model-2-pos_A_Z,-1.2592923641204834,1
1H1V-model-72-neg_A_Z,1.941002368927002,0
2PKG-pos_A_C,1.418315052986145,1
1Z5Y-model-76-neg_A_Z,1.9285576343536377,0
1UP6-model-35-neg_A_Z,1.946945071220398,0
2X53-model-18-pos_A_Z,-1.3368241786956787,1
4AYE-model-5-pos_A_Z,0.05557096004486084,1
1WQJ-model-7-neg_A_Z,1.9207078218460083,0
3GRW-model-56-neg_A_Z,1.9126356840133667,0
1MK9-model-50-neg_A_Z,1.797294020652771,0
1LW6-model-33-neg_A_Z,-0.018422484397888184,0
3JZA-model-2-pos_A_Z,1.8324211835861206,1
3D4G-pos_C_D,0.6307409405708313,1
3WN7-model-78-neg_A_Z,1.9566235542297363,0
1ACB-model-48-neg_A_Z,1.125549077987671,0
3BIW-pos_A_E,-0.5878397226333618,1
3PYY-model-51-neg_A_Z,1.9509526491165161,0
1Q1L-model-3-pos_A_Z,-1.9040898084640503,1
2JOD-model-4-pos_A_Z,0.07650542259216309,1
3GZR-model-1-pos_A_Z,-1.8582583665847778,1
2QLP-model-8-neg_A_Z,0.6033018827438354,0
3I2B-model-56-pos_A_Z,-1.638599157333374,1
2ZG6-model-40-pos_A_Z,1.4757248163223267,1
1F45-model-1-pos_A_Z,-1.5223544836044312,1
2G2W-model-41-neg_A_Z,1.8953667879104614,0
2P46-model-1-pos_A_Z,0.03560435771942139,1
3DA7-model-70-pos_A_Z,-0.18895375728607178,1
1SHS-model-65-neg_A_Z,-0.5017123222351074,0
2VER-model-2-pos_A_Z,-0.02122962474822998,1
2YVS-model-80-neg_A_Z,1.7151011228561401,0
2G2U-model-8-neg_A_Z,1.854498028755188,0
4LLO-model-92-neg_A_Z,1.9508801698684692,0
3TII-model-1-pos_A_Z,-0.6693188548088074,1
1SHW-model-13-pos_A_Z,0.05488121509552002,1
2X9M-model-19-neg_A_Z,1.8005025386810303,0
2P43-model-2-pos_A_Z,-0.8646975159645081,1
3K25-model-38-pos_A_Z,0.4486881494522095,1
1XSQ-model-99-neg_A_Z,0.9131110906600952,0
2ZG6-model-41-neg_A_Z,1.9423555135726929,0
1J4U-model-96-pos_A_Z,0.47092294692993164,1
3EN0-model-1-pos_A_Z,-1.9025722742080688,1
2OVI-model-51-pos_A_Z,0.6316749453544617,1
1KXJ-pos_A_B,1.3263225555419922,1
3JUY-model-74-neg_A_Z,1.7594969272613525,0
3Q9U-model-79-neg_A_Z,1.7859476804733276,0
3LM1-model-12-pos_A_Z,1.012183666229248,1
3JVZ-model-27-neg_A_Z,1.955863118171692,0
1DJS-model-1-pos_A_Z,-1.503067970275879,1
3QFM-model-66-pos_A_Z,1.2055749893188477,1
2C9P-model-18-neg_A_Z,1.9090907573699951,0
3FD4-model-6-neg_A_Z,1.9396156072616577,0
3QC8-model-1-pos_A_Z,-1.084047555923462,1
1S98-model-1-pos_A_Z,-1.7179265022277832,1
3EMJ-model-2-pos_A_Z,-0.1732703447341919,1
3GNJ-model-100-pos_A_Z,1.933027982711792,1
1YFN-model-90-neg_A_Z,1.902700424194336,0
3P83-model-20-neg_A_Z,1.469451665878296,0
1FU5-model-48-neg_A_Z,1.485088586807251,0
5JKE-model-31-neg_A_Z,1.9002296924591064,0
3QHY-model-69-neg_A_Z,1.6882051229476929,0
3DCA-model-67-neg_A_Z,0.021439671516418457,0
3O34-pos_A_B,0.5302525758743286,1
3HQR-model-1-pos_A_Z,-1.8998576402664185,1
3H9G-model-49-pos_A_Z,0.8267139196395874,1
1Y3C-model-75-neg_A_Z,1.8442609310150146,0
5JKE-model-5-pos_A_Z,-0.2820385694503784,1
1R0K-model-23-pos_A_Z,-0.9405806660652161,1
2Q81-model-24-pos_A_Z,0.9152538776397705,1
3LHX-model-43-neg_A_Z,1.9187285900115967,0
1RZJ-model-1-pos_A_Z,-1.3891615867614746,1
4AOR-model-50-pos_A_Z,0.032344937324523926,1
3K4W-model-27-pos_A_Z,1.5956380367279053,1
4BQD-model-29-neg_A_Z,1.9475786685943604,0
3BCW-model-100-neg_A_Z,1.2945404052734375,0
1KXJ-model-98-neg_A_Z,1.866518259048462,0
1MAS-model-1-pos_A_Z,-1.194297194480896,1
3DCA-model-1-pos_A_Z,-1.902145266532898,1
3S9C-model-40-pos_A_Z,1.412832260131836,1
1AGQ-model-46-neg_A_Z,0.4435182809829712,0
3ZRZ-model-50-neg_A_Z,1.9305942058563232,0
1T0H-model-8-pos_A_Z,0.047934770584106445,1
2ANE-model-1-pos_A_Z,-1.0252392292022705,1
1W1I-model-28-neg_A_Z,1.9554139375686646,0
2HVB-model-99-neg_A_Z,1.9388710260391235,0
2R9P-model-3-pos_A_Z,-1.0547642707824707,1
3TSZ-model-11-pos_A_Z,0.9475160837173462,1
4J2Y-model-1-pos_A_Z,-1.917614221572876,1
3BHD-model-1-pos_A_Z,-1.7204928398132324,1
2HJ1-model-29-neg_A_Z,1.9617427587509155,0
3V4P-model-30-neg_A_Z,1.9463564157485962,0
3BT1-model-17-neg_A_Z,1.6929162740707397,0
1TZS-model-81-pos_A_Z,0.5824733972549438,1
1T8U-model-1-pos_A_Z,-1.733365535736084,1
2P42-model-77-neg_A_Z,1.8942607641220093,0
1F7Z-model-20-pos_A_Z,1.4983229637145996,1
2P48-model-91-neg_A_Z,1.928404688835144,0
1TM3-model-53-neg_A_Z,1.9610576629638672,0
2P6B-model-3-neg_A_Z,0.03046882152557373,0
1VGO-pos_A_B,1.9199254512786865,1
1MR1-model-73-neg_A_Z,1.0225296020507812,0
1HPU-model-2-pos_A_Z,1.825116515159607,1
3QWQ-model-20-neg_A_Z,1.9571396112442017,0
1ZJD-model-84-neg_A_Z,0.7694767117500305,0
3VPJ-model-39-neg_A_Z,1.8010671138763428,0
1ARZ-model-95-neg_A_Z,1.8978252410888672,0
1F2U-model-2-pos_A_Z,-1.7072288990020752,1
4KBB-model-16-pos_A_Z,0.02363753318786621,1
1OS2-model-100-neg_A_Z,1.923316478729248,0
3HPN-model-26-neg_A_Z,1.7768155336380005,0
2R5O-model-1-pos_A_Z,-1.9172735214233398,1
1UM2-model-61-pos_A_Z,1.326198935508728,1
1ML0-model-16-pos_A_Z,-1.100813865661621,1
3DGP-model-9-neg_A_Z,1.830524206161499,0
2PKG-model-91-neg_A_Z,1.949828863143921,0
2HL3-model-1-pos_A_Z,-1.8632546663284302,1
1SHW-model-40-neg_A_Z,1.954318642616272,0
1LK6-model-14-neg_A_Z,0.7664582133293152,0
1YFN-model-97-pos_A_Z,1.0729718208312988,1
1KAC-model-1-pos_A_Z,-1.551716923713684,1
3DSN-model-1-pos_A_Z,-1.6326154470443726,1
1MK9-model-2-pos_A_Z,1.1864142417907715,1
1DML-model-99-pos_A_Z,1.794927716255188,1
1C9P-model-82-neg_A_Z,1.1557239294052124,0
3OZB-model-51-neg_A_Z,1.7637741565704346,0
2A0S-model-25-pos_A_Z,-0.27839791774749756,1
4KRL-model-7-neg_A_Z,1.9173123836517334,0
1XV2-model-50-pos_A_Z,-1.1595284938812256,1
1KL8-model-8-neg_A_Z,0.9888540506362915,0
1TAW-model-20-pos_A_Z,0.0008051395416259766,1
2HQL-model-1-pos_A_Z,-1.8770015239715576,1
1F37-model-67-neg_A_Z,1.5932588577270508,0
2WAM-model-2-pos_A_Z,-1.71714186668396,1
1C3X-model-97-neg_A_Z,1.9277697801589966,0
1SCE-model-29-neg_A_Z,1.2659811973571777,0
3RDZ-model-1-pos_A_Z,-0.05943286418914795,1
2P44-model-91-neg_A_Z,1.9458115100860596,0
2HEY-model-72-neg_A_Z,1.964704990386963,0
1TM4-model-93-pos_A_Z,0.0012433528900146484,1
1ARZ-model-24-pos_A_Z,0.7888702750205994,1
1SMO-model-83-neg_A_Z,1.9401164054870605,0
4LQW-model-52-neg_A_Z,1.918759822845459,0
1L4Z-model-26-neg_A_Z,1.846490502357483,0
1PVH-model-1-pos_A_Z,1.0131187438964844,1
1G60-model-1-pos_A_Z,-1.8926335573196411,1
2IQH-model-9-neg_A_Z,1.961368203163147,0
1Q8M-model-7-pos_A_Z,1.2771705389022827,1
1BRS-model-68-neg_A_Z,1.9602433443069458,0
1Q5H-model-51-neg_A_Z,1.6461396217346191,0
2ZVW-model-10-pos_A_Z,0.6716313362121582,1
2X89-model-83-neg_A_Z,1.7679417133331299,0
1F5R-model-77-neg_A_Z,1.9514294862747192,0
1P9U-model-3-pos_A_Z,0.34368717670440674,1
3BN3-model-3-pos_A_Z,0.8542089462280273,1
3K9M-model-1-pos_A_Z,-1.416300654411316,1
4AOR-model-65-neg_A_Z,1.5697689056396484,0
2DPF-model-2-pos_A_Z,-1.0075981616973877,1
4LYL-model-86-neg_A_Z,1.9391694068908691,0
4CMM-model-5-neg_A_Z,1.9371508359909058,0
4AFZ-model-34-pos_A_Z,0.26600050926208496,1
1VZY-model-1-pos_A_Z,-0.5450091361999512,1
2B3Z-model-99-neg_A_Z,1.6609987020492554,0
2W2N-model-3-pos_A_Z,-0.7154639959335327,1
1TM5-model-9-pos_A_Z,-0.01708674430847168,1
2VE6-model-20-neg_A_Z,0.5539988279342651,0
3B08-model-28-neg_A_Z,1.8976984024047852,0
3AFF-model-61-neg_A_Z,1.940288782119751,0
3FJS-model-24-pos_A_Z,0.9646288156509399,1
1YY9-pos_A_D,-0.8365236520767212,1
1X1U-model-3-pos_A_Z,-1.1275897026062012,1
2Z8M-model-91-neg_A_Z,1.943165898323059,0
1JIW-model-1-pos_A_Z,-1.8185551166534424,1
4EIG-model-92-neg_A_Z,1.5012779235839844,0
3O9L-model-2-pos_A_Z,-1.9118363857269287,1
2A6P-model-17-pos_A_Z,0.5178091526031494,1
1A79-model-2-pos_A_Z,-0.0004228353500366211,1
5D3I-model-71-neg_A_Z,1.8988877534866333,0
3PRP-model-6-pos_A_Z,0.11479449272155762,1
3CEW-model-51-neg_A_Z,1.7538681030273438,0
1Z5Y-model-1-pos_A_Z,-0.6839120984077454,1
2A2L-model-3-pos_A_Z,0.1880432367324829,1
1R0R-model-1-pos_A_Z,-1.7609062194824219,1
2TGP-model-78-neg_A_Z,1.9504280090332031,0
4G6U-model-12-pos_A_Z,-0.7555133104324341,1
3P8B-model-71-neg_A_Z,1.7438220977783203,0
2IJ0-model-1-pos_A_Z,-0.031111478805541992,1
1W1I-model-17-pos_A_Z,1.9182379245758057,1
3PIG-model-1-pos_A_Z,-1.6284584999084473,1
2PNH-model-25-neg_A_Z,1.0834136009216309,0
4NZW-model-44-pos_A_Z,-0.8859046101570129,1
1DEV-model-99-neg_A_Z,1.4865586757659912,0
4CDK-model-2-pos_A_Z,-0.022043943405151367,1
1EZI-model-88-neg_A_Z,1.6630610227584839,0
2YYS-model-99-neg_A_Z,1.9175910949707031,0
4U30-model-61-neg_A_Z,1.9460515975952148,0
3EDP-model-5-pos_A_Z,-1.470999002456665,1
2P5X-model-1-pos_A_Z,-1.7961241006851196,1
3SLH-model-35-neg_A_Z,1.9615989923477173,0
1SCE-model-1-pos_A_Z,-1.5696989297866821,1
2HD3-model-45-neg_A_Z,0.8617823719978333,0
1OX9-model-22-pos_A_Z,0.9935795068740845,1
2DSP-model-77-neg_A_Z,1.8320257663726807,0
1JIW-model-17-neg_A_Z,1.3178651332855225,0
2ZCK-model-29-neg_A_Z,1.0902252197265625,0
3WN7-model-19-pos_A_Z,-0.9914618134498596,1
3V96-model-7-pos_A_Z,1.8839155435562134,1
3OKJ-model-2-pos_A_Z,-1.73155677318573,1
3Q9U-model-2-pos_A_Z,0.03931283950805664,1
2RA3-model-84-neg_A_Z,1.947535753250122,0
1Y4D-model-2-pos_A_Z,-1.823958396911621,1
1F37-model-2-pos_A_Z,0.022117018699645996,1
2P4R-model-12-neg_A_Z,1.442974328994751,0
1DB2-model-73-neg_A_Z,-0.24611437320709229,0
3EYD-model-7-pos_A_Z,0.30613183975219727,1
3BTV-model-3-pos_A_Z,-1.4481241703033447,1
4WEN-model-1-pos_A_Z,-1.6375569105148315,1
1RY7-model-27-neg_A_Z,1.7762746810913086,0
1CGI-model-7-pos_A_Z,-0.9060333371162415,1
3AXY-model-55-neg_A_Z,1.9461369514465332,0
1NQL-model-9-neg_A_Z,1.5742297172546387,0
5IOH-model-1-pos_A_Z,0.9049923419952393,1
3JZA-model-62-neg_A_Z,1.9414877891540527,0
5D1L-model-12-neg_A_Z,1.9219691753387451,0
3SM1-model-1-pos_A_Z,-1.8714251518249512,1
2Q81-model-76-neg_A_Z,1.527398705482483,0
1HBT-model-14-neg_A_Z,0.6927451491355896,0
2TGP-model-2-pos_A_Z,-1.8709025382995605,1
2V52-model-77-neg_A_Z,1.8717961311340332,0
2P4Z-model-23-neg_A_Z,1.8277430534362793,0
1S4C-model-46-neg_A_Z,1.6466078758239746,0
5G1X-model-26-neg_A_Z,0.5281542539596558,0
2PO2-model-24-neg_A_Z,1.4877039194107056,0
3CAM-model-1-pos_A_Z,-1.9049805402755737,1
4CMM-model-1-pos_A_Z,-1.826777458190918,1
1C3X-model-1-pos_A_Z,0.022275090217590332,1
3JRQ-model-60-neg_A_Z,0.8255453705787659,0
2C7E-model-2-pos_A_Z,-1.4335556030273438,1
3PPE-model-47-neg_A_Z,1.9495395421981812,0
2PQS-model-90-neg_A_Z,1.9084811210632324,0
1MZW-model-1-pos_A_Z,-1.0242928266525269,1
3OJM-model-91-pos_A_Z,1.5883755683898926,1
2HTB-pos_C_D,-0.08450496196746826,1
1JNP-pos_A_B,0.8381032943725586,1
4NZL-model-90-neg_A_Z,1.9500499963760376,0
3QFM-model-93-neg_A_Z,1.9487097263336182,0
2PQV-model-1-pos_A_Z,-1.9032652378082275,1
4BD9-model-9-neg_A_Z,1.6456857919692993,0
2XTJ-model-2-pos_A_Z,-0.37496042251586914,1
1R9N-model-51-neg_A_Z,0.11153948307037354,0
3TL8-model-23-neg_A_Z,1.735718011856079,0
3BWU-model-16-pos_A_Z,-1.4500696659088135,1
3PGA-model-6-pos_A_Z,1.0747098922729492,1
3MAL-model-19-neg_A_Z,1.259364366531372,0
1WDX-model-32-pos_A_Z,0.7208589911460876,1
3N4I-model-90-neg_A_Z,1.9529337882995605,0
1PVH-model-15-neg_A_Z,1.4266548156738281,0
4FZA-model-71-neg_A_Z,1.86614191532135,0
1LDT-model-1-pos_A_Z,-1.7388784885406494,1
4AYI-model-65-neg_A_Z,1.4249385595321655,0
1PBI-model-1-pos_A_Z,-1.8115248680114746,1
2OIN-model-86-neg_A_Z,1.4826436042785645,0
1BJR-model-29-neg_A_Z,0.7455902695655823,0
1OSM-model-73-neg_A_Z,1.527350664138794,0
4LYL-model-1-pos_A_Z,-1.8690086603164673,1
5JLV-model-68-pos_A_Z,0.7034822702407837,1
2H5K-model-15-neg_A_Z,1.914913296699524,0
2GEF-model-1-pos_A_Z,-1.8350404500961304,1
3QWQ-model-5-pos_A_Z,0.35319972038269043,1
2FDB-model-1-pos_A_Z,-1.8015531301498413,1
4WEM-model-1-pos_A_Z,-1.6541420221328735,1
3M5O-model-1-pos_A_Z,0.014189481735229492,1
2JG8-model-3-neg_A_Z,0.056185007095336914,0
1NQ9-model-92-pos_A_Z,1.2929997444152832,1
1ZH8-model-10-neg_A_Z,1.001865029335022,0
3OSL-model-1-pos_A_Z,-1.2944910526275635,1
2HAX-model-26-neg_A_Z,1.4928817749023438,0
3D1M-model-84-neg_A_Z,1.9185787439346313,0
4QZV-model-3-pos_A_Z,-0.2868291139602661,1
2DOI-model-2-neg_A_Z,0.38437962532043457,0
1UHE-model-5-pos_A_Z,-1.8848278522491455,1
3C0B-model-83-pos_A_Z,0.09738504886627197,1
2P43-model-28-neg_A_Z,1.9565746784210205,0
2CH8-model-21-neg_A_Z,1.9473007917404175,0
5F3X-model-66-pos_A_Z,0.529930830001831,1
3BGL-model-9-neg_A_Z,-0.016118884086608887,0
1O9Y-model-8-neg_A_Z,1.3978307247161865,0
1IGU-model-28-neg_A_Z,1.946252703666687,0
2AQX-model-1-pos_A_Z,-0.10544717311859131,1
4IOP-model-89-pos_A_Z,1.9416009187698364,1
1SHY-model-59-pos_A_Z,0.9352223873138428,1
1LW6-model-99-pos_A_Z,1.7992445230484009,1
3C7T-model-3-pos_A_Z,0.13735568523406982,1
3CHW-model-84-neg_A_Z,1.9308912754058838,0
2PUY-model-1-pos_A_Z,1.4378726482391357,1
3AXY-model-5-pos_A_Z,0.4630368947982788,1
1XWD-model-1-pos_A_Z,-1.8824636936187744,1
3CEW-model-1-pos_A_Z,-1.8926544189453125,1
1JFM-pos_E_D,1.8687176704406738,1
1F7Z-model-36-neg_A_Z,0.8301507234573364,0
3BIW-model-17-neg_A_Z,1.8631370067596436,0
2QBX-model-80-pos_A_Z,1.2499442100524902,1
4AYD-model-1-pos_A_Z,-1.8137775659561157,1
2WQ4-model-31-neg_A_Z,1.5596437454223633,0
2BUJ-model-9-neg_A_Z,0.9431103467941284,0
1L4Z-model-2-pos_A_Z,-0.07955503463745117,1
1AVX-model-78-neg_A_Z,1.882540225982666,0
1NQL-model-2-pos_A_Z,0.010641932487487793,1
3TDM-model-87-neg_A_Z,1.874064564704895,0
1IYJ-model-1-pos_A_Z,-1.831907033920288,1
3HN6-model-34-pos_A_Z,1.8655587434768677,1
1WQJ-model-4-pos_A_Z,-0.7557332515716553,1
3GMW-model-49-neg_A_Z,1.9547979831695557,0
4B1X-model-34-pos_A_Z,0.2593982219696045,1
3CJX-model-35-neg_A_Z,0.7861770987510681,0
2GEF-model-8-neg_A_Z,0.901513397693634,0
1X1Y-model-37-neg_A_Z,1.8735183477401733,0
3BWU-model-17-neg_A_Z,1.96066415309906,0
3EN0-model-64-neg_A_Z,1.9423147439956665,0
1L0A-model-1-pos_A_Z,-1.8489922285079956,1
3GZ8-model-36-pos_A_Z,1.914708137512207,1
3SJ9-model-1-pos_A_Z,0.046019673347473145,1
3AJY-model-10-neg_A_Z,1.9351496696472168,0
3NEK-model-83-pos_A_Z,0.8173139095306396,1
3ECY-model-12-neg_A_Z,1.038942813873291,0
1CGI-model-16-neg_A_Z,1.9526058435440063,0
1BPO-model-19-neg_A_Z,1.8692939281463623,0
2QC1-model-17-neg_A_Z,1.9669427871704102,0
1WOQ-model-2-pos_A_Z,-1.2194581031799316,1
3LHX-model-1-pos_A_Z,-1.5734575986862183,1
1FY8-model-10-neg_A_Z,1.9408975839614868,0
2IO1-model-44-neg_A_Z,1.6681101322174072,0
1HAA-model-7-pos_A_Z,1.108480453491211,1
2AXW-model-1-pos_A_Z,-1.8041431903839111,1
1UDI-model-81-pos_A_Z,0.8770084381103516,1
3QNA-model-1-pos_A_Z,-1.8018075227737427,1
1DFJ-model-1-pos_A_Z,-1.700669288635254,1
1ZJD-model-4-pos_A_Z,-1.245218276977539,1
4IOP-model-49-neg_A_Z,1.861114501953125,0
1NU9-model-10-pos_A_Z,-0.3996729850769043,1
4AYD-model-79-neg_A_Z,1.9259579181671143,0
4CJ0-model-49-neg_A_Z,1.852805495262146,0
1DLE-model-17-neg_A_Z,1.499183177947998,0
2FDB-model-74-neg_A_Z,0.9488816261291504,0
3UZP-model-2-pos_A_Z,-1.1583328247070312,1
2KAI-model-45-neg_A_Z,0.5788495540618896,0
2GT2-model-66-pos_A_Z,1.485825777053833,1
1INN-model-17-neg_A_Z,1.9481158256530762,0
1DN2-model-55-neg_A_Z,1.198879599571228,0
4AFQ-model-3-pos_A_Z,-1.8792978525161743,1
2R0K-model-66-neg_A_Z,1.4475103616714478,0
1AHS-model-68-neg_A_Z,1.736283540725708,0
1ZH8-model-6-pos_A_Z,0.010248780250549316,1
1QB3-model-1-pos_A_Z,-1.7707115411758423,1
1Q8M-model-27-neg_A_Z,1.9475895166397095,0
3ME4-model-10-neg_A_Z,1.8812602758407593,0
4B1V-model-9-pos_A_Z,1.8471938371658325,1
2V52-model-1-pos_A_Z,-1.9020967483520508,1
2X89-model-17-pos_A_Z,-0.08602094650268555,1
1ICF-model-51-pos_A_Z,0.569879412651062,1
1RZJ-model-10-neg_A_Z,1.9493083953857422,0
2DP4-model-22-neg_A_Z,1.6966371536254883,0
3HLN-model-6-pos_A_Z,0.055637240409851074,1
2QW7-model-6-pos_A_Z,0.0487823486328125,1
2XFG-model-26-neg_A_Z,0.49623095989227295,0
2HQL-model-6-neg_A_Z,1.922518014907837,0
4TQ0-model-48-neg_A_Z,1.0358866453170776,0
4B1Y-model-4-neg_A_Z,1.9133304357528687,0
1P3H-model-56-pos_A_Z,0.025212645530700684,1
3F5N-model-18-neg_A_Z,1.4634431600570679,0
2GS7-model-3-pos_A_Z,1.0589299201965332,1
3NTQ-model-83-neg_A_Z,1.951728343963623,0
2ZNV-model-70-neg_A_Z,1.9553827047348022,0
3AOG-model-4-pos_A_Z,-1.7648406028747559,1
1ICF-model-36-neg_A_Z,1.9480394124984741,0
2EWN-model-98-neg_A_Z,1.081146478652954,0
1UUG-model-1-pos_A_Z,-1.2199466228485107,1
2Z7F-model-1-pos_A_Z,-1.2825698852539062,1
4PQT-model-57-neg_A_Z,1.9575027227401733,0
2CH8-model-1-pos_A_Z,-1.3388147354125977,1
1T7P-model-31-neg_A_Z,1.944042444229126,0
1P9U-model-60-neg_A_Z,0.8548256158828735,0
5G1X-model-1-pos_A_Z,-1.3454785346984863,1
1E5Q-model-1-pos_A_Z,-1.6482895612716675,1
2SIC-model-1-pos_A_Z,-1.8177231550216675,1
2IWO-model-61-neg_A_Z,1.5256576538085938,0
1WZ3-model-1-pos_A_Z,-1.8492317199707031,1
4HDO-model-49-neg_A_Z,1.7920206785202026,0
3BFW-model-47-neg_A_Z,1.8626455068588257,0
1FY8-model-1-pos_A_Z,-1.7660775184631348,1
2D1P-model-42-neg_A_Z,1.6476624011993408,0
2IDO-model-85-neg_A_Z,1.9491664171218872,0
3GZE-model-61-pos_A_Z,0.7339345216751099,1
1LK6-model-2-pos_A_Z,-1.831575632095337,1
2AXW-model-2-neg_A_Z,1.9585124254226685,0
2C9P-model-25-pos_A_Z,0.7200465202331543,1
2VPM-model-9-neg_A_Z,1.9186429977416992,0
4XXB-model-5-neg_A_Z,0.6099793314933777,0
1ZCP-pos_A_B,0.7542822957038879,1
2P42-model-1-pos_A_Z,-1.3566917181015015,1
3GZR-model-59-neg_A_Z,0.674812376499176,0
1SUW-model-70-neg_A_Z,1.1231355667114258,0
2GHV-model-2-pos_A_Z,-1.4171605110168457,1
4ZQK-model-6-pos_A_Z,0.39937758445739746,1
1Y3C-model-1-pos_A_Z,-1.830160140991211,1
3BRC-model-64-neg_A_Z,1.619412899017334,0
2ZA4-model-8-pos_A_Z,1.3991081714630127,1
3E05-model-13-neg_A_Z,1.930528998374939,0
3H8D-model-5-neg_A_Z,1.1074471473693848,0
3JVZ-model-1-pos_A_Z,-1.8924421072006226,1
1PPE-model-51-neg_A_Z,1.2886908054351807,0
3C8I-model-1-pos_A_Z,0.6431719064712524,1
4YN0-model-3-neg_A_Z,1.9440274238586426,0
2D1P-model-2-pos_A_Z,-1.3013393878936768,1
1UE7-model-2-pos_A_Z,0.9980998635292053,1
2WO3-model-2-pos_A_Z,-1.0814889669418335,1
3GZE-model-28-neg_A_Z,0.65465247631073,0
3U1O-model-2-neg_A_Z,1.9530506134033203,0
3E9M-model-1-pos_A_Z,-1.6534392833709717,1
3BRC-model-29-pos_A_Z,1.3772825002670288,1
2H1T-model-1-pos_A_Z,-1.8140627145767212,1
1MBY-model-17-neg_A_Z,0.579931378364563,0
3AHS-model-13-neg_A_Z,1.282904863357544,0
1K88-model-83-neg_A_Z,1.7323861122131348,0
3ENT-model-1-pos_A_Z,-1.8737772703170776,1
3Q9N-model-70-pos_A_Z,1.3900542259216309,1
2NN3-model-1-pos_A_Z,-1.6816678047180176,1
3FG8-model-2-pos_A_Z,-1.2142760753631592,1
2OYA-model-8-pos_A_Z,-0.11374366283416748,1
4QZV-model-34-neg_A_Z,1.8335436582565308,0
1VS3-model-6-pos_A_Z,-1.6410713195800781,1
3GQH-model-1-pos_A_Z,-1.800241470336914,1
2QLC-model-25-pos_A_Z,0.600299596786499,1
3N6Q-model-74-neg_A_Z,1.9539159536361694,0
4GH7-model-6-neg_A_Z,1.656842589378357,0
3E2L-model-5-pos_A_Z,-1.076857328414917,1
3F74-model-18-pos_A_Z,0.12341439723968506,1
3TQY-pos_A_B,-1.8904776573181152,1
2PTC-model-93-neg_A_Z,1.8069896697998047,0
3KY8-model-67-pos_A_Z,-1.4060752391815186,1
3KW5-model-8-neg_A_Z,1.9255527257919312,0
2WG4-model-23-neg_A_Z,1.9574730396270752,0
2J12-model-1-pos_A_Z,-1.6611719131469727,1
1IGU-model-1-pos_A_Z,-1.5715694427490234,1
3EYD-model-10-neg_A_Z,0.1401195526123047,0
3S5B-model-18-pos_A_Z,-0.15385174751281738,1
3EHU-model-84-neg_A_Z,1.2926228046417236,0
1KXP-model-1-pos_A_Z,-1.7261300086975098,1
1I07-model-76-neg_A_Z,1.586685299873352,0
2R2C-model-1-pos_A_Z,-1.777072787284851,1
1JFM-model-20-neg_A_Z,1.9386283159255981,0
4YN0-model-7-pos_A_Z,0.03643631935119629,1
1U20-model-36-neg_A_Z,1.9623857736587524,0
3Q87-model-52-pos_A_Z,0.5498851537704468,1
1EPT-model-1-pos_A_Z,-1.918181300163269,1
1UP6-model-3-pos_A_Z,-0.12172675132751465,1
1XPJ-model-9-neg_A_Z,1.632774829864502,0
1TO1-model-79-neg_A_Z,1.8642634153366089,0
4ZQU-model-45-neg_A_Z,1.816348910331726,0
1TM5-model-2-neg_A_Z,1.9473837614059448,0
3KY8-model-90-neg_A_Z,1.939348578453064,0
2BMA-model-14-neg_A_Z,1.7674083709716797,0
4APF-model-15-pos_A_Z,-0.0011903047561645508,1
3MAL-model-3-pos_A_Z,0.5893009901046753,1
3ML6-model-2-neg_A_Z,1.245915174484253,0
1UAN-model-45-neg_A_Z,1.7882699966430664,0
2CCL-model-29-pos_A_Z,1.952562689781189,1
3C7T-model-66-neg_A_Z,1.8919316530227661,0
2IWO-model-2-pos_A_Z,-1.2406384944915771,1
1KXP-model-4-neg_A_Z,1.938416838645935,0
3NGB-pos_E_G,0.998887836933136,1
1OMO-model-3-pos_A_Z,-1.7803162336349487,1
3E2K-model-99-neg_A_Z,1.580193281173706,0
4JW3-model-1-pos_A_Z,-1.7127643823623657,1
1XSQ-model-2-pos_A_Z,-1.7503029108047485,1
2H3N-model-7-pos_A_Z,-1.8923603296279907,1
2GHV-model-59-neg_A_Z,1.8268519639968872,0
2DP4-model-3-pos_A_Z,1.8481189012527466,1
1JZO-model-50-pos_A_Z,0.09671449661254883,1
3AFF-model-5-pos_A_Z,-1.6688358783721924,1
2QF3-model-18-neg_A_Z,1.319291353225708,0
2IJ0-model-79-neg_A_Z,1.932995319366455,0
2W1T-model-3-neg_A_Z,-1.0325889587402344,0
3QNA-model-91-neg_A_Z,1.5988578796386719,0
3KDG-model-58-neg_A_Z,1.9522560834884644,0
2Q7N-model-22-neg_A_Z,1.9196609258651733,0
3HT2-model-1-pos_A_Z,-1.8911744356155396,1
3HO5-model-30-neg_A_Z,1.9509735107421875,0
2AQX-model-32-neg_A_Z,1.9379521608352661,0
2QBW-model-92-neg_A_Z,1.925679326057434,0
3NPG-model-57-neg_A_Z,1.3874397277832031,0
1GL0-model-15-pos_A_Z,1.2573397159576416,1
1XPJ-model-2-pos_A_Z,-1.822912573814392,1
1Y1K-model-1-pos_A_Z,-1.8006057739257812,1
2IO1-model-20-pos_A_Z,1.018812656402588,1
2K2S-model-99-neg_A_Z,1.573237419128418,0
4AYE-model-12-neg_A_Z,1.8969933986663818,0
1VG9-model-1-pos_A_Z,-1.521400809288025,1
2GHW-model-75-neg_A_Z,1.7268531322479248,0
2X53-model-44-neg_A_Z,0.007200479507446289,0
3VPJ-model-23-pos_A_Z,0.9846785664558411,1
3FPU-model-6-neg_A_Z,1.9193668365478516,0
3O34-model-83-neg_A_Z,1.1377297639846802,0
2GQS-model-24-neg_A_Z,1.2562320232391357,0
1I4O-model-81-neg_A_Z,1.794964075088501,0
3M85-model-34-pos_A_Z,-0.3473418951034546,1
1YCS-model-85-neg_A_Z,1.9477232694625854,0
3WA5-model-65-neg_A_Z,1.0149526596069336,0
3OJ2-model-5-neg_A_Z,1.6872923374176025,0
4NZL-model-1-pos_A_Z,-1.818847417831421,1
2DOH-model-68-neg_A_Z,1.9404966831207275,0
3ECY-pos_A_B,-1.793459177017212,1
2AZN-model-53-neg_A_Z,1.944599986076355,0
3ZRZ-model-4-pos_A_Z,0.6187530159950256,1
3CG8-model-57-neg_A_Z,1.725130319595337,0
1O9Y-model-1-pos_A_Z,-1.8828483819961548,1
2G6V-model-1-pos_A_Z,-1.4788984060287476,1
3E1Z-model-8-pos_A_Z,-1.533581256866455,1
1T0H-model-13-neg_A_Z,1.882857322692871,0
1Y48-model-77-neg_A_Z,1.9359146356582642,0
1IYJ-model-22-neg_A_Z,1.8697471618652344,0
2BMA-model-6-pos_A_Z,-1.8927980661392212,1
1U20-model-8-pos_A_Z,0.8284943699836731,1
3HTR-model-1-pos_A_Z,-1.8633276224136353,1
2Z7X-model-51-neg_A_Z,1.9382084608078003,0
1AK4-model-85-pos_A_Z,0.281011700630188,1
3U4J-model-9-neg_A_Z,1.4832992553710938,0
4AG2-model-46-neg_A_Z,1.9078104496002197,0
4CPA-model-26-neg_A_Z,1.47201669216156,0
3HMK-model-1-pos_A_Z,0.8745851516723633,1
1Y34-model-67-neg_A_Z,1.8204280138015747,0
2WO3-model-9-neg_A_Z,1.9096791744232178,0
1VGO-model-57-neg_A_Z,1.7866932153701782,0
2I5G-model-74-neg_A_Z,1.955249547958374,0
3S5B-model-22-neg_A_Z,1.9520431756973267,0
3C0B-model-67-neg_A_Z,1.9585318565368652,0
2F2F-model-68-pos_A_Z,1.2448687553405762,1
1ML0-model-44-neg_A_Z,1.935335636138916,0
1OSM-model-1-pos_A_Z,-1.8381569385528564,1
2QLP-model-1-pos_A_Z,-1.5181957483291626,1
1Q9U-model-1-pos_A_Z,-1.8810808658599854,1
1JZO-model-60-neg_A_Z,1.9461396932601929,0
2P47-model-86-neg_A_Z,1.925742268562317,0
3S9C-model-84-neg_A_Z,0.5694597959518433,0
3MZW-model-1-pos_A_Z,-1.1823043823242188,1
1S4C-model-19-pos_A_Z,0.16878485679626465,1
3ML6-model-1-pos_A_Z,-1.4559788703918457,1
3C4O-model-11-neg_A_Z,1.5926766395568848,0
3NEK-model-29-neg_A_Z,0.5456175804138184,0
1YC6-model-48-neg_A_Z,1.0078418254852295,0
3DQQ-model-30-neg_A_Z,1.4840415716171265,0
1GCQ-model-58-pos_A_Z,0.8560243248939514,1
3HT2-model-72-neg_A_Z,1.947213053703308,0
3FLP-model-21-neg_A_Z,1.6135506629943848,0
3A1P-model-5-pos_A_Z,0.9196829199790955,1
2CE8-model-2-pos_A_Z,-1.7522804737091064,1
2P4R-model-4-pos_A_Z,0.06969761848449707,1
5HPK-model-73-neg_A_Z,1.8848512172698975,0
1EPT-model-2-neg_A_Z,1.188188076019287,0
3EPZ-model-28-neg_A_Z,1.8669893741607666,0
4YEB-model-56-neg_A_Z,1.2801589965820312,0
2OIN-model-97-pos_A_Z,0.23112702369689941,1
3HCG-model-70-neg_A_Z,1.9418755769729614,0
3HLN-model-86-neg_A_Z,1.9345208406448364,0
4POU-model-26-neg_A_Z,1.9288296699523926,0
2P5X-model-63-neg_A_Z,1.9576343297958374,0
3E05-model-41-pos_A_Z,1.3940762281417847,1
1XUA-model-1-pos_A_Z,-1.8798123598098755,1
4DGE-model-28-neg_A_Z,1.7994987964630127,0
2BE1-model-49-neg_A_Z,1.7955665588378906,0
2DYM-model-1-pos_A_Z,-1.67979097366333,1
2R2C-model-28-neg_A_Z,1.876811146736145,0
2CO6-model-27-neg_A_Z,1.9208236932754517,0
3E2K-model-19-pos_A_Z,-0.3266425132751465,1
3BFW-model-64-pos_A_Z,1.21976900100708,1
1E8N-model-58-neg_A_Z,0.24917423725128174,0
2XFG-model-3-pos_A_Z,-1.3151017427444458,1
3QJ7-model-63-neg_A_Z,1.8939099311828613,0
1VS3-model-23-neg_A_Z,1.9385679960250854,0
3B6P-model-2-pos_A_Z,-1.7847808599472046,1
3BCP-model-82-neg_A_Z,1.9316058158874512,0
3WDG-model-17-neg_A_Z,0.8432126641273499,0
3MJ9-model-2-neg_A_Z,1.8162009716033936,0
2DOI-model-1-pos_A_Z,-0.64096999168396,1
3QSK-model-1-pos_A_Z,-0.5514535903930664,1
4AYI-model-5-pos_A_Z,0.04062974452972412,1
1X1X-model-59-neg_A_Z,1.7323280572891235,0
4M5F-model-35-neg_A_Z,1.8111706972122192,0
1ATN-model-8-neg_A_Z,1.1565251350402832,0
3GZ8-model-42-neg_A_Z,1.3933079242706299,0
3K25-model-78-neg_A_Z,1.8678497076034546,0
3FYF-model-92-pos_A_Z,1.957983136177063,1
1YBG-model-2-neg_A_Z,1.9425547122955322,0
2EVV-model-1-pos_A_Z,-1.8938918113708496,1
4NSO-model-62-neg_A_Z,1.780471682548523,0
3U4J-model-3-pos_A_Z,-1.7809436321258545,1
3BRD-model-15-pos_A_Z,0.8949007987976074,1
3V4P-pos_B_H,-0.24044573307037354,1
2GD4-model-20-neg_A_Z,1.9008152484893799,0
2VJF-model-22-neg_A_Z,1.5313371419906616,0
2HAX-model-1-pos_A_Z,-1.8679485321044922,1
1S1Q-model-86-neg_A_Z,1.9472392797470093,0
4V0N-model-10-pos_A_Z,0.08637833595275879,1
2YVS-model-1-pos_A_Z,-1.822535514831543,1
1T0P-model-22-neg_A_Z,1.950624942779541,0
3U02-model-2-pos_A_Z,-1.2838785648345947,1
1BRS-model-1-pos_A_Z,-1.8556506633758545,1
4DGE-model-1-pos_A_Z,0.03528106212615967,1
2W0C-model-2-pos_A_Z,-1.8267536163330078,1
3L2H-model-1-pos_A_Z,-1.873128056526184,1
3ME4-model-1-pos_A_Z,-0.4599893093109131,1
5B77-model-10-neg_A_Z,0.8832017183303833,0
3GRW-model-42-pos_A_Z,-1.648316502571106,1
3OLM-model-22-neg_A_Z,1.913292646408081,0
4A94-model-19-pos_A_Z,0.755645215511322,1
1YVB-model-75-neg_A_Z,0.9297381639480591,0
4BD9-model-1-pos_A_Z,-1.767136812210083,1
4XL5-model-67-neg_A_Z,1.9017778635025024,0
2I7R-model-88-neg_A_Z,1.8086650371551514,0
1KAC-model-8-neg_A_Z,1.8259247541427612,0
4EQA-model-1-pos_A_Z,-1.8792930841445923,1
2GT2-model-62-neg_A_Z,1.5599920749664307,0
3FJS-model-88-neg_A_Z,1.441868782043457,0
1CQ3-model-32-neg_A_Z,1.931864857673645,0
1FGL-model-65-neg_A_Z,1.8602936267852783,0
2Z8M-model-12-pos_A_Z,-1.5634329319000244,1
3B01-model-95-pos_A_Z,-0.02742612361907959,1
3TII-model-7-neg_A_Z,1.638500452041626,0
3P71-model-1-pos_A_Z,-1.8102662563323975,1
2JJT-model-50-neg_A_Z,1.1960773468017578,0
1Z3G-model-26-neg_A_Z,1.0391247272491455,0
2SNI-model-2-pos_A_Z,-1.2894012928009033,1
3I5V-model-53-neg_A_Z,1.92996346950531,0
3OZB-model-1-pos_A_Z,-1.124315619468689,1
1C9T-model-59-neg_A_Z,1.113041877746582,0
2XB6-model-50-neg_A_Z,1.9643585681915283,0
2DYM-model-28-neg_A_Z,-0.03160524368286133,0
2WVT-model-1-pos_A_Z,-1.1454534530639648,1
1YLQ-model-46-pos_A_Z,0.7859252691268921,1
3GQH-model-11-neg_A_Z,1.003267765045166,0
1XUA-model-78-neg_A_Z,1.9560911655426025,0
2DUP-model-45-neg_A_Z,1.9525114297866821,0
2YCH-model-63-neg_A_Z,1.1038000583648682,0
3HF5-model-1-pos_A_Z,-1.9219729900360107,1
3V5N-model-100-neg_A_Z,1.1708838939666748,0
1R7A-model-6-neg_A_Z,1.8221756219863892,0
3U1O-model-1-pos_A_Z,1.4642918109893799,1
1ERN-model-16-neg_A_Z,1.263980746269226,0
3DSN-model-66-neg_A_Z,1.9405491352081299,0
4V0N-model-92-neg_A_Z,1.8983674049377441,0
